insert into USUARIO (USUARIO_ID, EDAD, NOMBRE, APELLIDO_PATERNO, APELLIDO_MATERNO) values (1, '23', 'Rutherford', 'Jannasch', 'Kitchaside');
insert into USUARIO (USUARIO_ID, EDAD, NOMBRE, APELLIDO_PATERNO, APELLIDO_MATERNO) values (2, '54', 'Lenna', 'Axtens', 'McElwee');
insert into USUARIO (USUARIO_ID, EDAD, NOMBRE, APELLIDO_PATERNO, APELLIDO_MATERNO) values (3, '41', 'Simonette', 'Andretti', 'Grammer');
insert into USUARIO (USUARIO_ID, EDAD, NOMBRE, APELLIDO_PATERNO, APELLIDO_MATERNO) values (4, '90', 'Jaquenette', 'Toffel', 'Kynd');
insert into USUARIO (USUARIO_ID, EDAD, NOMBRE, APELLIDO_PATERNO, APELLIDO_MATERNO) values (5, '35', 'Baxie', 'Gauch', 'Rawlcliffe');
insert into USUARIO (USUARIO_ID, EDAD, NOMBRE, APELLIDO_PATERNO, APELLIDO_MATERNO) values (6, '15', 'Ardelis', 'Creber', 'Margrem');
insert into USUARIO (USUARIO_ID, EDAD, NOMBRE, APELLIDO_PATERNO, APELLIDO_MATERNO) values (7, '29', 'Cynthea', 'Borrington', 'Maria');
insert into USUARIO (USUARIO_ID, EDAD, NOMBRE, APELLIDO_PATERNO, APELLIDO_MATERNO) values (8, '87', 'Dorena', 'Sarll', 'Blackmuir');
insert into USUARIO (USUARIO_ID, EDAD, NOMBRE, APELLIDO_PATERNO, APELLIDO_MATERNO) values (9, '10', 'Nickie', 'Maggorini', 'Lampe');
insert into USUARIO (USUARIO_ID, EDAD, NOMBRE, APELLIDO_PATERNO, APELLIDO_MATERNO) values (10,'90', 'Mil', 'Lifton', 'Culpen');

insert into USUARIO_CUENTA (USUARIO_CUENTA_ID, USUARIO_ID) values (1, 1);
insert into USUARIO_CUENTA (USUARIO_CUENTA_ID, USUARIO_ID) values (2, 2);
insert into USUARIO_CUENTA (USUARIO_CUENTA_ID, USUARIO_ID) values (3, 3);
insert into USUARIO_CUENTA (USUARIO_CUENTA_ID, USUARIO_ID) values (4, 4);
insert into USUARIO_CUENTA (USUARIO_CUENTA_ID, USUARIO_ID) values (5, 5);
insert into USUARIO_CUENTA (USUARIO_CUENTA_ID, USUARIO_ID) values (6, 6);
insert into USUARIO_CUENTA (USUARIO_CUENTA_ID, USUARIO_ID) values (7, 7);
insert into USUARIO_CUENTA (USUARIO_CUENTA_ID, USUARIO_ID) values (8, 8);
insert into USUARIO_CUENTA (USUARIO_CUENTA_ID, USUARIO_ID) values (9, 9);
insert into USUARIO_CUENTA (USUARIO_CUENTA_ID, USUARIO_ID) values (10, 10);

insert into CUENTA_BANCARIA (FECHA_CONSULTA, SALDO, USUARIO_CUENTA_ID) values ('11/19/2019', '25654', 1);
insert into CUENTA_BANCARIA (FECHA_CONSULTA, SALDO, USUARIO_CUENTA_ID) values ('7/6/2019' ,  '63216', 2);
insert into CUENTA_BANCARIA (FECHA_CONSULTA, SALDO, USUARIO_CUENTA_ID) values ('11/4/2019',  '53219', 3);
insert into CUENTA_BANCARIA (FECHA_CONSULTA, SALDO, USUARIO_CUENTA_ID) values ('5/27/2019',  '83212', 4);
insert into CUENTA_BANCARIA (FECHA_CONSULTA, SALDO, USUARIO_CUENTA_ID) values ('4/7/2019',   '83212', 5);
insert into CUENTA_BANCARIA (FECHA_CONSULTA, SALDO, USUARIO_CUENTA_ID) values ('5/6/2019',   '73212', 6);
insert into CUENTA_BANCARIA (FECHA_CONSULTA, SALDO, USUARIO_CUENTA_ID) values ('12/9/2019',  '97837', 7);
insert into CUENTA_BANCARIA (FECHA_CONSULTA, SALDO, USUARIO_CUENTA_ID) values ('9/24/2019',  '71951', 8);
insert into CUENTA_BANCARIA (FECHA_CONSULTA, SALDO, USUARIO_CUENTA_ID) values ('1/27/2020',  '21959', 9);
insert into CUENTA_BANCARIA (FECHA_CONSULTA, SALDO, USUARIO_CUENTA_ID) values ('2/11/2020',  '35162', 10);
insert into CUENTA_BANCARIA (FECHA_CONSULTA, SALDO, USUARIO_CUENTA_ID) values ('1/27/2020',  '21959', 1);
