INSERT INTO CUENTA_BANCARIA (CUENTA_BANCARIA_ID, FECHA_CONSULTA, SALDO, ESTADO, FECHA_APERTURA) VALUES (1, '7/27/2019', 9505, 'Florida', '3/19/2019')
INSERT INTO CUENTA_BANCARIA (CUENTA_BANCARIA_ID, FECHA_CONSULTA, SALDO, ESTADO, FECHA_APERTURA) VALUES (2, '5/9/2019', 6927, 'District of Columbia', '8/9/2019')
INSERT INTO CUENTA_BANCARIA (CUENTA_BANCARIA_ID, FECHA_CONSULTA, SALDO, ESTADO, FECHA_APERTURA) VALUES (3, '2/5/2020', 7941, 'Indiana', '3/18/2019')
INSERT INTO CUENTA_BANCARIA (CUENTA_BANCARIA_ID, FECHA_CONSULTA, SALDO, ESTADO, FECHA_APERTURA) VALUES (4, '4/10/2019', 2546, 'California', '5/9/2019')
INSERT INTO CUENTA_BANCARIA (CUENTA_BANCARIA_ID, FECHA_CONSULTA, SALDO, ESTADO, FECHA_APERTURA) VALUES (5, '9/21/2019', 7813, 'Ohio', '7/27/2019')
INSERT INTO CUENTA_BANCARIA (CUENTA_BANCARIA_ID, FECHA_CONSULTA, SALDO, ESTADO, FECHA_APERTURA) VALUES (6, '5/28/2019', 6088, 'Texas', '12/25/2019')
INSERT INTO CUENTA_BANCARIA (CUENTA_BANCARIA_ID, FECHA_CONSULTA, SALDO, ESTADO, FECHA_APERTURA) VALUES (7, '4/19/2019', 1904, 'Texas', '9/6/2019')
INSERT INTO CUENTA_BANCARIA (CUENTA_BANCARIA_ID, FECHA_CONSULTA, SALDO, ESTADO, FECHA_APERTURA) VALUES (8, '10/12/2019', 6613, 'Florida', '2/23/2020')
INSERT INTO CUENTA_BANCARIA (CUENTA_BANCARIA_ID, FECHA_CONSULTA, SALDO, ESTADO, FECHA_APERTURA) VALUES (9, '10/6/2019', 8464, 'Louisiana', '4/14/2019')
INSERT INTO CUENTA_BANCARIA (CUENTA_BANCARIA_ID, FECHA_CONSULTA, SALDO, ESTADO, FECHA_APERTURA) VALUES (10, '4/17/2019', 6166, 'Tennessee', '10/13/2019')

INSERT INTO USUARIO (USUARIO_ID, NOMBRE, APELLIDO_PATERNO, APELLIDO_MATERNO, EDAD, DIRECCION, CURP, TELEFONO) VALUES (1, 'Georgie', 'Huntriss', 'Puckrin', 68, 'Atwood', 'MM7', '981-350-2379');
INSERT INTO USUARIO (USUARIO_ID, NOMBRE, APELLIDO_PATERNO, APELLIDO_MATERNO, EDAD, DIRECCION, CURP, TELEFONO) VALUES (2, 'Thatch', 'Oldacres', 'Holtham', 54, 'Kennedy', 'Military Affairs', '763-454-6564');
INSERT INTO USUARIO (USUARIO_ID, NOMBRE, APELLIDO_PATERNO, APELLIDO_MATERNO, EDAD, DIRECCION, CURP, TELEFONO) VALUES (3, 'Gabriellia', 'Lamlin', 'Edgson', 49, 'Nancy', 'Icon Design', '903-797-0208');
INSERT INTO USUARIO (USUARIO_ID, NOMBRE, APELLIDO_PATERNO, APELLIDO_MATERNO, EDAD, DIRECCION, CURP, TELEFONO) VALUES (4, 'Jolie', 'Volett', 'McFee', 73, 'Eastwood', 'Freight', '735-790-0289');
INSERT INTO USUARIO (USUARIO_ID, NOMBRE, APELLIDO_PATERNO, APELLIDO_MATERNO, EDAD, DIRECCION, CURP, TELEFONO) VALUES (5, 'Gustavus', 'Beslier', 'Hazard', 25, 'Clarendon', 'Zotero', '145-900-2153');
INSERT INTO USUARIO (USUARIO_ID, NOMBRE, APELLIDO_PATERNO, APELLIDO_MATERNO, EDAD, DIRECCION, CURP, TELEFONO) VALUES (6, 'Raddy', 'Edmett', 'Farlam', 77, 'Mcguire', 'Time Management', '559-777-1416');
INSERT INTO USUARIO (USUARIO_ID, NOMBRE, APELLIDO_PATERNO, APELLIDO_MATERNO, EDAD, DIRECCION, CURP, TELEFONO) VALUES (7, 'Padraig', 'Bolduc', 'Iacomettii', 39, 'Farwell', 'Up-selling', '803-774-7342');
INSERT INTO USUARIO (USUARIO_ID, NOMBRE, APELLIDO_PATERNO, APELLIDO_MATERNO, EDAD, DIRECCION, CURP, TELEFONO) VALUES (8, 'Shanon', 'Camell', 'Freschi', 53, 'Merrick', 'RSA Ace Server', '809-801-7805');
INSERT INTO USUARIO (USUARIO_ID, NOMBRE, APELLIDO_PATERNO, APELLIDO_MATERNO, EDAD, DIRECCION, CURP, TELEFONO) VALUES (9, 'Isabelle', 'Braam', 'Maddigan', 56, 'Alpine', 'First Year Experience', '721-380-0926');
INSERT INTO USUARIO (USUARIO_ID, NOMBRE, APELLIDO_PATERNO, APELLIDO_MATERNO, EDAD, DIRECCION, CURP, TELEFONO) VALUES (10, 'Shelton', 'Beavors', 'Cawsey', 51, 'Pearson', 'QAM', '457-963-9965');

INSERT INTO USUARIO_CUENTA (USUARIO_CUENTA_ID, USUARIO_ID, CUENTA_BANCARIA_ID) VALUES (1, 1, 1);
INSERT INTO USUARIO_CUENTA (USUARIO_CUENTA_ID, USUARIO_ID, CUENTA_BANCARIA_ID) VALUES (2, 2, 2);
INSERT INTO USUARIO_CUENTA (USUARIO_CUENTA_ID, USUARIO_ID, CUENTA_BANCARIA_ID) VALUES (3, 3, 3);
INSERT INTO USUARIO_CUENTA (USUARIO_CUENTA_ID, USUARIO_ID, CUENTA_BANCARIA_ID) VALUES (4, 4, 4);
INSERT INTO USUARIO_CUENTA (USUARIO_CUENTA_ID, USUARIO_ID, CUENTA_BANCARIA_ID) VALUES (5, 5, 5);
INSERT INTO USUARIO_CUENTA (USUARIO_CUENTA_ID, USUARIO_ID, CUENTA_BANCARIA_ID) VALUES (6, 6, 6);
INSERT INTO USUARIO_CUENTA (USUARIO_CUENTA_ID, USUARIO_ID, CUENTA_BANCARIA_ID) VALUES (7, 7, 7);
INSERT INTO USUARIO_CUENTA (USUARIO_CUENTA_ID, USUARIO_ID, CUENTA_BANCARIA_ID) VALUES (8, 8, 8);
INSERT INTO USUARIO_CUENTA (USUARIO_CUENTA_ID, USUARIO_ID, CUENTA_BANCARIA_ID) VALUES (9, 9, 9);
INSERT INTO USUARIO_CUENTA (USUARIO_CUENTA_ID, USUARIO_ID, CUENTA_BANCARIA_ID) VALUES (10, 10, 10);
